Driver,Predicted_Top_3,Top_3_Probability
PIA,1,0.55504805
NOR,0,0.45418411
LEC,0,0.393711
VER,0,0.33712098
HAM,0,0.30224985
ALB,0,0.16492693
HAD,0,0.1310098
BEA,0,0.0662388
SAI,0,0.0662388
BOR,0,0.0662388
HUL,0,0.0662388
ALO,0,0.059894294
ANT,0,0.05646113
OCO,0,0.054553956
LAW,0,0.04518199
RUS,0,0.044483848
STR,0,0.037899666
TSU,0,0.037899666
GAS,0,0.030209797
COL,0,0.030209797
